Price,Prediction
46504.8,48871.5
46172.2,48366.5
47628.2,46703.6
48871.5,50081.0
48366.5,49314.5
46703.6,47137.2
50081.0,47596.6
49314.5,50473.9
47137.2,50595.2
47596.6,50562.1
50473.9,49405.5
50595.2,49195.2
50562.1,53631.5
49405.5,56496.0
49195.2,57210.3
53631.5,56882.9
56496.0,57794.8
57210.3,57291.5
56882.9,54765.9
57794.8,53730.9
57291.5,58935.1
54765.9,57171.7
53730.9,57573.2
58935.1,56308.8
57171.7,58714.3
57573.2,59717.6
56308.8,58083.4
58714.3,56955.3
59717.6,60367.8
58083.4,60089.1
56955.3,63597.9
60367.8,65508.2
60089.1,64398.6
63597.9,64134.5
65508.2,64806.7
64398.6,64932.6
64134.5,66904.4
64806.7,67527.9
64932.6,63273.2
66904.4,61483.9
67527.9,60974.3
63273.2,61412.6
61483.9,62918.5
60974.3,63221.7
61412.6,60915.3
62918.5,61309.6
63221.7,61840.1
60915.3,62242.8
61309.6,60582.5
61840.1,58438.1
62242.8,60310.8
60582.5,63067.0
58438.1,60866.5
60310.8,61312.5
63067.0,60690.3
60866.5,62210.2
61312.5,65979.1
60690.3,64278.5
62210.2,62056.3
65979.1,61527.5
64278.5,60861.1
62056.3,61672.5
61527.5,57345.8
60861.1,57380.1
61672.5,56015.9
57345.8,57477.3
57380.1,54687.7
56015.9,54942.5
57477.3,53914.7
54687.7,53783.9
54942.5,55323.2
53914.7,51469.3
53783.9,49227.3
55323.2,48200.1
51469.3,47666.9
49227.3,48146.0
48200.1,43823.3
47666.9,41536.8
48146.0,41022.3
43823.3,42172.6
41536.8,43203.4
41022.3,42686.8
42172.6,42819.9
43203.4,44869.2
42686.8,43551.6
42819.9,40651.3
44869.2,42870.6
43551.6,47238.7
40651.3,48306.7
42870.6,47282.8
47238.7,47748.0
48306.7,48130.6
47282.8,47077.5
47748.0,44949.5
48130.6,46062.3
47077.5,45161.9
44949.5,44842.8
46062.3,46385.6
45161.9,46061.4
44842.8,46779.6
46385.6,52672.1
46061.4,51768.6
46779.6,49918.4
52672.1,49999.0
51768.6,49274.3
49918.4,48819.4
49999.0,47130.4
49274.3,46992.7
48819.4,48777.4
47130.4,48897.1
46992.7,49064.3
48777.4,46831.6
48897.1,48994.5
49064.3,47714.7
46831.6,49539.7
48994.5,49254.5
47714.7,48875.8
49539.7,49324.0
49254.5,46755.9
48875.8,44723.8
49324.0,44691.6
46755.9,45996.3
44723.8,46991.3
44691.6,47081.5
45996.3,47809.1
46991.3,44403.4
47081.5,45564.3
47809.1,45593.8
44403.4,46284.3
45564.3,43792.8
45593.8,44614.2
46284.3,42795.4
43792.8,40867.2
44614.2,39736.9
42795.4,38130.3
40867.2,39168.4
39736.9,39878.3
38130.3,41553.7
39168.4,42203.4
39878.3,40001.4
41553.7,40003.2
42203.4,39452.0
40001.4,37276.6
40003.2,35391.1
39452.0,33824.8
37276.6,33603.3
35391.1,32298.9
33824.8,32131.4
33603.3,29793.8
32298.9,30837.2
32131.4,31785.4
29793.8,31518.6
30837.2,31394.0
31785.4,31840.5
31518.6,32820.7
31394.0,32728.1
31840.5,33113.0
32820.7,34227.7
32728.1,33510.6
33113.0,33797.4
34227.7,32866.3
33510.6,33867.8
33797.4,34225.6
32866.3,33687.8
33867.8,35298.2
34225.6,34742.8
33687.8,33813.4
35298.2,33543.6
34742.8,35026.9
33813.4,35834.7
33543.6,34475.9
35026.9,34678.5
35834.7,32243.4
34475.9,31594.0
34678.5,34665.8
32243.4,33674.3
31594.0,32496.4
34665.8,31692.0
33674.3,35595.8
32496.4,35513.4
31692.0,35749.4
35595.8,38052.0
35513.4,38336.0
35749.4,40156.1
38052.0,40529.4
38336.0,39022.9
40156.1,35467.5
40529.4,37314.6
39022.9,36649.4
35467.5,37332.2
37314.6,33382.9
36649.4,33578.0
37332.2,35815.4
33382.9,35520.0
33578.0,36851.3
35815.4,39187.3
35520.0,37555.8
36851.3,36687.6
39187.3,37298.6
37555.8,35652.8
36687.6,34584.6
37298.6,35662.5
35652.8,38417.3
34584.6,39249.2
35662.5,38378.3
38417.3,38750.6
39249.2,34679.7
38378.3,37448.3
38750.6,37297.4
34679.7,40717.2
37448.3,36720.5
37297.4,42897.3
40717.2,43541.3
36720.5,46426.4
42897.3,46708.8
43541.3,49839.8
46426.4,49704.6
46708.8,49384.2
49839.8,56695.7
49704.6,55848.9
49384.2,58238.3
56695.7,58840.1
55848.9,57337.2
58238.3,56405.4
58840.1,57441.3
57337.2,53741.5
56405.4,57169.8
57441.3,56603.8
53741.5,57807.1
57169.8,57720.3
56603.8,53560.8
57807.1,54841.4
57720.3,55036.5
53560.8,54020.5
54841.4,48963.6
55036.5,50088.9
54020.5,51143.6
48963.6,51729.5
50088.9,53820.2
51143.6,56483.2
51729.5,55646.1
53820.2,56207.1
56483.2,60041.9
55646.1,61379.7
56207.1,63216.0
60041.9,62980.4
61379.7,63540.9
63216.0,59863.8
62980.4,59978.7
63540.9,59748.4
59863.8,58118.7
59978.7,58077.4
59748.4,55948.7
58118.7,57996.3
58077.4,58993.4
55948.7,58199.9
57996.3,57059.9
58993.4,58977.3
58199.9,58718.3
57059.9,58763.7
58977.3,58771.3
58718.3,57616.2
58763.7,55765.2
58771.3,55862.9
57616.2,55036.1
55765.2,51322.3
55862.9,52325.4
55036.1,54452.5
51322.3,54158.3
52325.4,57383.8
54452.5,58093.4
54158.3,58088.0
57383.8,57656.0
58093.4,58913.5
58088.0,56889.7
57656.0,55791.3
58913.5,59113.7
56889.7,61195.3
55791.3,57265.1
59113.7,57799.5
61195.3,55851.9
57265.1,54879.0
57799.5,52311.0
55851.9,50982.3
54879.0,48855.6
52311.0,48792.5
50982.3,48428.0
48855.6,50395.1
48792.5,48424.2
48428.0,49595.5
50395.1,45164.0
48424.2,46136.7
49595.5,46345.6
45164.0,46928.5
46136.7,49697.5
46345.6,48911.2
46928.5,54111.8
49697.5,57433.8
48911.2,55923.7
54111.8,55906.6
57433.8,51582.2
55923.7,52079.2
55906.6,49169.7
51582.2,47936.3
52079.2,48643.4
49169.7,47168.7
47936.3,47371.7
48643.4,47990.7
47168.7,44836.0
47371.7,46508.6
47990.7,46395.7
44836.0,38852.9
46508.6,39256.6
46395.7,38297.6
38852.9,36982.1
39256.6,37646.8
38297.6,35485.2
36982.1,33515.7
37646.8,33108.1
35485.2,34283.1
33515.7,34301.8
33108.1,33374.8
34283.1,30404.0
34301.8,32502.1
33374.8,32252.3
30404.0,32241.3
32502.1,32088.9
32252.3,33000.5
32241.3,30842.1
32088.9,35476.3
33000.5,36002.9
30842.1,36613.2
35476.3,35839.6
36002.9,36019.5
36613.2,36845.8
35839.6,39175.7
36019.5,37382.2
36845.8,34076.1
39175.7,35544.3
37382.2,38192.2
34076.1,40151.9
35544.3,40599.3
38192.2,39460.2
40151.9,36793.2
40599.3,33991.5
39460.2,32022.6
36793.2,32958.9
33991.5,32193.3
32022.6,29359.9
32958.9,28949.4
32193.3,28868.7
29359.9,27376.0
28949.4,27057.8
28868.7,26261.3
27376.0,26454.4
27057.8,24689.6
26261.3,23736.5
26454.4,23257.9
24689.6,23823.2
23736.5,22728.5
23257.9,23474.9
23823.2,23844.0
22728.5,23127.9
23474.9,22825.4
23844.0,21352.2
23127.9,19434.9
22825.4,19273.8
21352.2,19176.8
19434.9,18808.9
19273.8,18023.6
19176.8,18247.2
18808.9,18546.0
18023.6,18326.6
18247.2,19170.7
18546.0,19379.9
18326.6,19146.5
19170.7,18658.1
19379.9,19433.3
19146.5,19218.8
18658.1,18770.7
19433.3,19698.1
19218.8,18185.5
18770.7,17730.7
19698.1,17127.1
18185.5,17162.0
17730.7,18723.0
17127.1,19152.6
17162.0,18379.6
18723.0,18412.9
19152.6,18687.2
18379.6,18675.2
18412.9,17803.5
18687.2,17774.6
18675.2,17662.3
17803.5,16715.8
17774.6,15953.0
17662.3,16071.0
16715.8,16324.2
15953.0,16294.7
16071.0,15695.8
16324.2,15303.6
16294.7,15327.2
15695.8,15483.7
15303.6,14828.4
15327.2,15577.9
15483.7,15587.1
14828.4,14145.6
15577.9,14019.9
15587.1,13561.4
14145.6,13759.4
14019.9,13797.3
13561.4,13559.9
13759.4,13457.2
13797.3,13278.9
13559.9,13657.8
13457.2,13061.6
13278.9,13032.2
13657.8,13117.2
13061.6,12934.1
13032.2,12974.6
13117.2,12808.7
12934.1,11913.5
12974.6,11753.4
12808.7,11506.9
11913.5,11362.1
11753.4,11322.0
11506.9,11503.0
11362.1,11420.4
11322.0,11423.8
11503.0,11533.9
11420.4,11371.0
11423.8,11298.4
11533.9,11054.2
11371.0,10924.1
11298.4,10670.9
11054.2,10602.6
10924.1,10789.5
10670.9,10672.9
10602.6,10544.2
10789.5,10572.3
10672.9,10620.5
10544.2,10776.1
10572.3,10840.9
10620.5,10693.2
10776.1,10776.2
10840.9,10727.9
10693.2,10688.8
10776.2,10739.4
10727.9,10237.3
10688.8,10531.5
10739.4,10416.8
10237.3,10921.5
10531.5,11081.8
10416.8,10933.0
10921.5,10941.3
11081.8,10949.5
10933.0,10785.3
10941.3,10675.3
10949.5,10326.0
10785.3,10441.9
10675.3,10390.2
10326.0,10339.7
10441.9,10224.6
10390.2,10126.6
10339.7,10376.9
10224.6,10296.4
10126.6,10092.2
10376.9,10472.5
10296.4,10168.8
10092.2,11413.3
10472.5,11914.9
10168.8,11644.2
11413.3,11702.0
11914.9,11468.1
11644.2,11527.4
11702.0,11327.4
11468.1,11462.3
11527.4,11324.8
11327.4,11753.5
11462.3,11641.6
11324.8,11661.3
11753.5,11529.2
11641.6,11856.9
11661.3,11750.2
11529.2,11947.6
11856.9,12282.6
11750.2,11899.0
11947.6,11845.3
12282.6,11750.8
11899.0,11770.9
11845.3,11557.2
11750.8,11390.4
11770.9,11889.2
11557.2,11681.2
11390.4,11764.3
11889.2,11592.0
11681.2,11757.1
11764.3,11735.1
11592.0,11184.7
11757.1,11224.4
11735.1,11066.8
11184.7,11803.1
11224.4,11333.4
11066.8,11096.2
11803.1,11105.9
11333.4,10908.5
11096.2,11022.8
11105.9,9932.5
10908.5,9704.1
11022.8,9546.4
9932.5,9599.6
9704.1,9513.7
9546.4,9387.3
9599.6,9162.4
9513.7,9208.0
9387.3,9170.2
9162.4,9155.8
9208.0,9135.3
9170.2,9198.7
9155.8,9253.4
9135.3,9243.6
9198.7,9300.8
9253.4,9233.3
9243.6,9285.1
9300.8,9235.7
9233.3,9429.9
9285.1,9256.0
9235.7,9339.0
9429.9,9081.0
9256.0,9134.4
9339.0,9067.1
9081.0,9085.1
9134.4,9229.9
9067.1,9135.4
9085.1,9185.4
9229.9,9124.0
9135.4,9008.3
9185.4,9160.0
9124.0,9247.5
9008.3,9302.0
9160.0,9624.6
9247.5,9683.7
9302.0,9296.4
9624.6,9358.8
9683.7,9314.0
9296.4,9388.1
9358.8,9464.6
9314.0,9523.5
9388.1,9425.4
9464.6,9345.3
9523.5,9471.3
9425.4,9466.6
9345.3,9283.2
9471.3,9878.8
9466.6,9768.8
9283.2,9777.9
9878.8,9742.6
9768.8,9669.6
9777.9,9631.2
9742.6,9794.4
9669.6,9667.2
9631.2,9527.6
9794.4,10189.3
9667.2,9454.8
9527.6,9692.5
10189.3,9424.8
9454.8,9572.2
9692.5,9199.1
9424.8,8842.5
9572.2,8898.2
9199.1,8728.2
8842.5,9177.0
8898.2,9169.7
8728.2,9059.0
9177.0,9512.3
9169.7,9773.3
9059.0,9730.7
9512.3,9677.7
9773.3,9379.5
9730.7,9318.0
9677.7,9778.4
9379.5,9298.7
9318.0,8813.8
9778.4,8579.8
9298.7,8738.8
8813.8,9554.6
8579.8,9806.2
8738.8,9979.8
9554.6,9151.4
9806.2,9001.0
9979.8,8874.7
9151.4,8885.5
9001.0,8966.3
8874.7,8821.6
8885.5,8629.0
8966.3,8770.9
8821.6,7746.9
8629.0,7766.0
8770.9,7678.9
7746.9,7540.4
7766.0,7503.8
7678.9,7488.5
7540.4,7112.9
7503.8,6842.5
7488.5,6833.5
7112.9,7122.9
6842.5,7230.8
6833.5,7035.8
7122.9,7085.6
7230.8,6629.1
7035.8,6850.9
7085.6,6841.3
6629.1,6917.6
6850.9,6867.8
6841.3,6863.1
6917.6,7289.0
6867.8,7361.2
6863.1,7185.2
7289.0,7332.3
7361.2,6772.7
7185.2,6857.4
7332.3,6735.9
6772.7,6800.5
6857.4,6638.5
6735.9,6412.5
6800.5,6391.0
6638.5,5890.4
6412.5,6233.7
6391.0,6373.4
5890.4,6725.1
6233.7,6678.9
6373.4,6744.6
6725.1,6468.9
6678.9,5822.1
6744.6,6186.2
6468.9,6205.3
5822.1,6172.0
6186.2,5361.4
6205.3,5261.1
6172.0,5030.0
5361.4,5366.3
5261.1,5182.7
5030.0,5584.3
5366.3,4826.0
5182.7,7935.1
5584.3,7891.2
4826.0,7933.0
7935.1,8034.1
7891.2,8887.8
7933.0,9134.8
8034.1,9060.3
8887.8,8757.9
9134.8,8761.4
9060.3,8904.8
8757.9,8540.0
8761.4,8543.7
8904.8,8697.5
8540.0,8818.6
8543.7,8800.3
8697.5,9317.2
8818.6,9662.7
8800.3,9942.7
9317.2,9655.7
9662.7,9684.5
9942.7,9602.4
9655.7,9609.4
9684.5,10158.4
9602.4,9701.4
9609.4,9932.3
10158.4,9907.7
9701.4,10333.0
9932.3,10235.1
9907.7,10317.7
10333.0,10229.5
10235.1,9854.1
10317.7,10151.5
10229.5,9895.5
9854.1,9818.6
10151.5,9772.0
9895.5,9611.8
9818.6,9193.9
9772.0,9296.6
9611.8,9334.9
9193.9,9381.6
9296.6,9349.1
9334.9,9507.3
9381.6,9298.9
9349.1,9377.3
9507.3,8866.6
9298.9,8607.8
9377.3,8341.6
8866.6,8439.9
8607.8,8405.1
8341.6,8678.5
8439.9,8732.6
8405.1,8641.9
8678.5,8706.2
8732.6,8916.3
8641.9,8913.1
8706.2,8726.9
8916.3,8818.3
8913.1,8829.2
8726.9,8111.4
8818.3,8187.6
8829.2,8024.1
8111.4,8187.1
8187.6,7842.4
8024.1,8059.6
8187.1,8155.7
7842.4,7759.1
8059.6,7372.5
8155.7,7376.8
7759.1,7343.1
7372.5,6967.0
7376.8,7199.8
7343.1,7196.4
6967.0,7261.8
7199.8,7397.5
7196.4,7321.5
7261.8,7261.7
7397.5,7210.9
7321.5,7224.8
7261.7,7268.3
7210.9,7322.8
7224.8,7495.8
7268.3,7156.2
7322.8,7196.4
7495.8,7165.5
7156.2,7276.0
7196.4,6613.3
7165.5,6903.5
7276.0,7128.5
6613.3,7080.8
6903.5,7255.2
7128.5,7208.0
7080.8,7208.0
7255.2,7235.7
7208.0,7355.8
7208.0,7524.4
7235.7,7510.9
7355.8,7530.8
7524.4,7399.2
7510.9,7204.4
7530.8,7291.8
7399.2,7298.2
7204.4,7396.4
7291.8,7546.6
7298.2,7742.7
7396.4,7426.7
7546.6,7510.6
7742.7,7162.8
7426.7,7115.6
7510.6,6924.7
7162.8,7324.1
7115.6,7272.5
6924.7,7627.9
7324.1,8099.3
7272.5,8145.7
7627.9,8208.4
8099.3,8509.8
8145.7,8497.3
8208.4,8476.3
8509.8,8661.2
8497.3,8783.1
8476.3,8812.6
8661.2,8736.9
8783.1,9036.8
8812.6,8804.5
8736.9,8778.2
9036.8,9223.5
8804.5,9338.9
8778.2,9310.8
9223.5,9396.4
9338.9,9198.3
9310.8,9300.6
9396.4,9230.1
9198.3,9152.6
9300.6,9157.9
9230.1,9411.3
9152.6,9207.2
9157.9,9529.6
9411.3,9230.6
9207.2,8658.3
9529.6,7422.7
9230.6,7477.0
8658.3,8031.4
7422.7,8208.2
7477.0,8223.4
8031.4,7957.3
8208.2,7948.5
8223.4,8073.3
7957.3,8000.4
7948.5,8167.2
8073.3,8353.3
8000.4,8281.5
8167.2,8304.4
8353.3,8267.8
8281.5,8562.3
8304.4,8566.7
8267.8,8182.9
8562.3,8198.6
8566.7,7881.9
8182.9,8127.3
8198.6,8148.1
7881.9,8226.9
8127.3,8364.1
8148.1,8302.7
8226.9,8284.3
8364.1,8049.1
8302.7,8208.5
8284.3,8184.9
8049.1,8063.8
8208.5,8432.4
8184.9,8513.9
8063.8,9702.2
8432.4,10031.6
8513.9,9993.0
9702.2,10172.7
10031.6,10250.5
9993.0,10164.7
10172.7,10195.7
10250.5,10255.5
10164.7,10311.5
10195.7,10337.3
10255.5,10342.1
10311.5,10415.1
10337.3,10162.5
10342.1,10105.4
10415.1,10309.0
10162.5,10402.8
10105.4,10461.1
10309.0,10309.3
10402.8,10566.9
10461.1,10568.2
10309.3,10612.3
10566.9,10348.8
10568.2,9729.3
10612.3,9594.4
10348.8,9585.4
9729.3,9491.0
9594.4,9729.4
9585.4,10184.8
9491.0,10371.8
9729.4,10136.3
10184.8,10131.0
10371.8,10388.7
10136.3,10105.0
10131.0,10141.5
10388.7,10752.6
10105.0,10910.7
10141.5,10312.7
10752.6,10218.1
10910.7,10335.6
10312.7,10303.4
10218.1,10049.4
10335.6,10892.9
10303.4,11394.2
10049.4,11517.2
10892.9,11314.5
11394.2,12089.8
11517.2,12191.6
11314.5,12013.9
12089.8,11480.9
12191.6,11816.8
12013.9,10934.6
11480.9,10815.7
11816.8,10520.1
10934.6,10380.0
10815.7,10082.0
10520.1,9580.7
10380.0,9580.9
10082.0,9727.8
9580.7,9492.1
9580.9,9831.0
9727.8,9945.3
9492.1,9804.3
9831.0,9888.7
9945.3,10412.5
9804.3,10714.4
9888.7,10826.7
10412.5,10571.5
10714.4,10651.4
10826.7,9723.2
10571.5,9424.8
10651.4,10845.9
9723.2,10200.1
9424.8,11364.9
10845.9,11762.1
10200.1,11342.3
11364.9,12110.6
11762.1,12541.5
11342.3,12252.6
12110.6,11415.9
12541.5,11268.0
12252.6,10970.2
11415.9,11163.1
11268.0,11900.8
10970.2,10835.9
11163.1,10616.6
11900.8,10818.6
10835.9,11906.5
10616.6,12409.1
10818.6,11287.8
11906.5,13063.8
12409.1,11809.9
11287.8,11046.4
13063.8,10897.1
11809.9,10721.7
11046.4,10179.3
10897.1,9517.0
10721.7,9255.4
10179.3,9080.6
9517.0,9318.8
9255.4,8962.5
9080.6,8812.5
9318.8,8656.1
8962.5,8219.0
8812.5,8133.1
8656.1,7888.0
8219.0,7987.8
8133.1,7635.0
7888.0,7901.4
7987.8,7985.2
7635.0,7784.9
7901.4,7779.1
7985.2,7685.5
7784.9,8124.8
7779.1,8728.6
7685.5,8545.7
8124.8,8558.3
8728.6,8271.9
8545.7,8647.8
8558.3,8716.3
8271.9,8760.1
8647.8,8630.2
8716.3,8027.4
8760.1,7970.1
8630.2,7852.1
8027.4,7635.7
7970.1,7930.3
7852.1,7965.3
7635.7,8157.2
7930.3,7262.6
7965.3,7359.5
8157.2,7871.8
7262.6,8164.6
7359.5,7994.6
7871.8,7806.0
8164.6,6984.8
7994.6,7190.3
7806.0,6386.0
6984.8,6191.5
7190.3,5990.3
6386.0,5849.5
6191.5,5745.1
5990.3,5774.9
5849.5,5830.9
5745.1,5766.8
5774.9,5493.8
5830.9,5384.2
5766.8,5320.8
5493.8,5235.0
5384.2,5302.3
5320.8,5265.9
5235.0,5298.3
5302.3,5209.1
5265.9,5415.6
5298.3,5511.6
5209.1,5346.7
5415.6,5243.5
5511.6,5290.2
5346.7,5241.0
5243.5,5264.7
5290.2,5208.3
5241.0,5180.9
5264.7,5032.3
5208.3,5134.8
5180.9,5051.8
5032.3,5054.2
5134.8,5022.6
5051.8,5307.8
5054.2,5158.4
5022.6,5245.2
5307.8,5173.6
5158.4,5046.2
5245.2,5010.2
5173.6,4902.4
5046.2,4968.7
5010.2,4859.3
4902.4,4145.1
4968.7,4102.3
4859.3,4111.8
4145.1,4102.2
4102.3,4025.6
4111.8,4041.7
4102.2,3942.8
4025.6,3937.0
4041.7,3994.7
3942.8,4002.5
3937.0,3990.4
3994.7,3982.2
4002.5,4041.2
3990.4,4017.0
3982.2,3990.2
4041.2,3981.5
4017.0,4006.4
3990.2,3924.3
3981.5,3879.0
4006.4,3865.1
3924.3,3886.0
3879.0,3870.3
3865.1,3915.2
3886.0,3944.3
3870.3,3865.9
3915.2,3875.1
3944.3,3863.0
3865.9,3857.2
3875.1,3715.9
3863.0,3809.5
3857.2,3823.1
3715.9,3821.9
3809.5,3816.6
3823.1,3814.6
3821.9,3810.3
3816.6,3833.7
3814.6,3755.2
3810.3,4120.4
3833.7,3965.2
3755.2,3936.6
4120.4,3972.4
3965.2,3914.3
3936.6,3896.0
3972.4,3664.2
3914.3,3616.8
3896.0,3604.7
3664.2,3592.6
3616.8,3611.5
3604.7,3632.0
3592.6,3631.8
3611.5,3679.0
3632.0,3661.4
3631.8,3661.7
3679.0,3397.7
3661.4,3404.3
3661.7,3468.4
3397.7,3462.8
3404.3,3459.1
3468.4,3502.5
3462.8,3467.9
3459.1,3437.2
3502.5,3460.0
3467.9,3414.8
3437.2,3442.8
3460.0,3555.6
3414.8,3570.9
3442.8,3572.0
3555.6,3574.3
3570.9,3561.5
3572.0,3580.1
3574.3,3536.7
3561.5,3542.3
3580.1,3677.8
3536.7,3605.6
3542.3,3626.4
3677.8,3588.0
3605.6,3571.3
3626.4,3638.1
3588.0,3490.2
3571.3,3597.2
3638.1,3616.5
3490.2,3603.7
3597.2,3978.0
3616.5,3971.0
3603.7,3985.9
3978.0,4004.1
3971.0,3785.4
3985.9,3802.7
4004.1,3780.1
3785.4,3873.8
3802.7,3809.4
3780.1,3709.4
3873.8,3815.0
3809.4,3706.8
3709.4,3861.6
3815.0,3586.9
3706.8,3793.7
3861.6,3762.5
3586.9,4026.1
3793.7,3944.4
3762.5,3964.4
4026.1,3850.9
3944.4,4076.0
3964.4,3687.1
3850.9,3668.0
4076.0,3526.1
3687.1,3247.9
3668.0,3228.7
3526.1,3247.8
3247.9,3315.3
3228.7,3466.1
3247.8,3407.7
3315.3,3460.5
3466.1,3567.5
3407.7,3430.4
3460.5,3422.2
3567.5,3508.6
3430.4,3771.6
3422.2,3958.5
3508.6,3897.8
3771.6,4160.4
3958.5,4196.2
3897.8,4039.7
4160.4,4296.5
4196.2,4265.4
4039.7,3866.5
4296.5,3837.0
4265.4,4062.2
3866.5,3920.4
3837.0,4398.0
4062.2,4356.0
3920.4,4638.7
4398.0,4524.6
4356.0,4883.8
4638.7,5658.3
4524.6,5621.8
4883.8,5636.2
5658.3,5718.9
5621.8,5842.4
5636.2,6429.2
5718.9,6435.0
5842.4,6446.1
6429.2,6427.1
6435.0,6412.0
6446.1,6474.0
6427.1,6565.3
6412.0,6502.8
6474.0,6459.7
6565.3,6478.2
6502.8,6386.2
6459.7,6424.7
6478.2,6400.5
6386.2,6365.9
6424.7,6325.7
6400.5,6335.0
6365.9,6486.1
6325.7,6494.2
6335.0,6510.0
6486.1,6507.0
6494.2,6530.7
6510.0,6528.7
6507.0,6555.8
6530.7,6583.0
6528.7,6572.2
6555.8,6512.0
6583.0,6574.1
6572.2,6686.6
6512.0,6705.3
6574.1,6699.8
6686.6,6326.8
6705.3,6321.7
6699.8,6291.3
6326.8,6239.1
6321.7,6618.0
6291.3,6650.8
6239.1,6669.6
6618.0,6611.0
6650.8,6596.3
6669.6,6639.1
6611.0,6584.2
6596.3,6507.8
6639.1,6549.9
6584.2,6608.2
6507.8,6635.2
6549.9,6603.9
6608.2,6636.0
6635.2,6689.2
6603.9,6468.1
6636.0,6445.1
6689.2,6584.1
6468.1,6704.1
6445.1,6729.6
6584.1,6766.7
6704.1,6489.2
6729.6,6390.4
6766.7,6342.0
6489.2,6251.9
6390.4,6500.2
6342.0,6519.0
6251.9,6483.7
6500.2,6482.9
6519.0,6338.0
6483.7,6293.9
6482.9,6321.0
6338.0,6238.5
6293.9,6184.3
6321.0,6390.9
6238.5,6514.0
6184.3,6706.8
6390.9,7377.5
6514.0,7264.2
6706.8,7293.9
7377.5,7189.6
7264.2,7033.8
7293.9,6993.7
7189.6,7029.1
7033.8,7074.6
6993.7,6897.6
7029.1,6712.7
7074.6,6734.8
6897.6,6680.4
6712.7,6521.2
6734.8,6359.6
6680.4,6482.2
6521.2,6268.1
6359.6,6481.5
6482.2,6379.1
6268.1,6581.7
6481.5,6306.7
6379.1,6256.9
6581.7,6190.2
6306.7,6255.3
6256.9,6313.0
6190.2,6231.6
6255.3,6152.3
6313.0,6538.8
6231.6,6283.6
6152.3,6724.9
6538.8,6943.6
6283.6,7027.1
6724.9,7014.3
6943.6,7419.0
7027.1,7535.6
7014.3,7606.4
7419.0,7729.4
7535.6,8177.1
7606.4,8215.6
7729.4,8234.1
8177.1,8187.4
8215.6,7937.0
8234.1,8173.7
8187.4,8407.0
7937.0,7723.0
8173.7,7412.3
8407.0,7408.7
7723.0,7339.4
7412.3,7477.5
7408.7,7383.6
7339.4,7322.0
7477.5,6729.9
7383.6,6362.9
7322.0,6254.8
6729.9,6230.2
6362.9,6250.6
6254.8,6389.1
6230.2,6307.2
6250.6,6667.1
6389.1,6714.8
6307.2,6765.5
6667.1,6617.7
6714.8,6546.5
6765.5,6598.4
6617.7,6513.5
6546.5,6619.5
6598.4,6366.8
6513.5,6398.9
6619.5,6213.3
6366.8,5883.5
6398.9,6154.9
6213.3,6082.1
5883.5,6256.6
6154.9,6154.6
6082.1,6167.3
6256.6,6055.7
6154.6,6728.0
6167.3,6765.4
6055.7,6752.4
6728.0,6719.8
6765.4,6460.3
6752.4,6505.8
6719.8,6410.3
6460.3,6647.1
6505.8,6312.3
6410.3,6558.2
6647.1,6885.9
6312.3,6775.1
6558.2,7515.8
6885.9,7622.1
6775.1,7697.8
7515.8,7661.0
7622.1,7631.5
7697.8,7504.3
7661.0,7729.3
7631.5,7646.6
7504.3,7530.8
7729.3,7502.6
7646.6,7400.1
7530.8,7467.7
7502.6,7119.3
7400.1,7366.7
7467.7,7361.3
7119.3,7477.7
7366.7,7592.9
7361.3,7512.3
7477.7,8006.0
7592.9,8403.3
7512.3,8529.0
8006.0,8245.1
8403.3,8245.7
8529.0,8063.0
8245.1,8344.4
8245.7,8477.0
8063.0,8674.1
8344.4,8693.5
8477.0,8459.5
8674.1,8408.3
8693.5,9025.7
8459.5,9319.1
8408.3,9196.4
9025.7,9431.6
9319.1,9656.4
9196.4,9853.5
9431.6,9708.6
9656.4,9749.7
9853.5,9243.2
9708.6,9074.9
9749.7,9245.1
9243.2,9415.1
9074.9,9352.4
9245.1,8940.9
9415.1,9287.0
9352.4,8873.1
8940.9,9645.3
9287.0,8952.8
8873.1,8806.7
9645.3,8923.1
8952.8,8867.0
8806.7,8290.8
8923.1,8178.4
8867.0,7908.6
8290.8,8070.0
8178.4,8363.6
7908.6,8004.4
8070.0,7887.4
8363.6,7926.6
8004.4,6962.1
7887.4,6854.8
7926.6,6781.9
6962.1,7030.5
6854.8,6905.7
6781.9,6624.3
7030.5,6782.0
6905.7,6808.9
6624.3,7424.2
6782.0,7068.4
6808.9,6825.2
7424.2,6938.2
7068.4,6853.7
6825.2,7129.2
6938.2,7954.9
6853.7,7801.7
7129.2,8143.5
7954.9,8473.2
7801.7,8547.4
8143.5,8916.8
8473.2,8726.2
8547.4,8905.9
8916.8,8912.6
8726.2,8616.8
8905.9,8201.2
8912.6,7874.9
8616.8,8289.2
8201.2,8264.4
7874.9,8210.6
8289.2,9154.9
8264.4,9137.4
8210.6,9529.6
9154.9,8762.0
9137.4,9217.0
9529.6,9300.0
8762.0,9902.9
9217.0,10675.1
9300.0,11330.6
9902.9,11416.5
10675.1,11402.3
11330.6,10827.7
11416.5,10904.5
11402.3,10333.9
10827.7,10594.4
10904.5,10285.1
10333.9,9585.2
10594.4,9704.3
10285.1,10170.4
9585.2,9841.7
9704.3,10473.0
10170.4,11238.7
9841.7,11169.4
10473.0,10398.8
11238.7,11073.5
11169.4,10178.7
10398.8,10037.3
11073.5,9476.3
10178.7,8539.2
10037.3,8903.5
9476.3,8081.9
8539.2,8559.6
8903.5,8699.8
8081.9,8164.2
8559.6,7594.7
8699.8,7701.2
8164.2,6938.5
7594.7,8222.2
7701.2,9241.1
6938.5,8893.2
8222.2,9181.1
9241.1,10265.4
8893.2,10166.0
9181.1,11244.8
10265.4,11795.1
10166.0,11467.5
11244.8,11118.1
11795.1,11203.0
11467.5,11452.3
11118.1,10903.2
11203.0,10864.8
11452.3,11594.9
10903.2,12858.9
10864.8,11580.2
11594.9,11245.4
12858.9,11192.3
11580.2,11362.0
11245.4,13697.5
11192.3,13695.2
11362.0,14292.2
13697.5,13886.7
13695.2,13535.4
14292.2,15043.0
13886.7,14778.5
13535.4,14976.2
15043.0,16228.2
14778.5,17172.3
14976.2,16954.8
16228.2,15180.1
17172.3,15156.6
16954.8,14754.1
15180.1,13444.9
15156.6,13850.4
14754.1,12531.5
13444.9,14392.6
13850.4,14398.7
12531.5,15416.6
14392.6,15756.6
14398.7,13833.5
15416.6,13790.0
15756.6,14396.5
13833.5,13665.0
13790.0,15632.1
14396.5,16462.0
13665.0,17523.7
15632.1,18972.3
16462.0,19065.7
17523.7,19345.5
18972.3,17604.8
19065.7,16467.9
19345.5,16286.8
17604.8,17083.9
16467.9,16732.5
16286.8,15059.6
17083.9,14843.4
16732.5,16047.6
15059.6,16850.3
14843.4,13749.6
16047.6,11667.1
16850.3,11623.9
13749.6,11246.2
11667.1,10912.7
11623.9,10861.5
11246.2,9946.8
10912.7,9837.9
10861.5,9906.0
9946.8,9733.2
9837.9,9318.4
9906.0,8754.7
9733.2,8200.8
9318.4,8013.4
8754.7,8234.5
8200.8,8100.0
8013.4,8244.7
8234.5,8042.6
8100.0,7780.9
8244.7,7700.0
8042.6,7853.7
7780.9,7283.2
7700.0,6597.1
7853.7,6522.5
7283.2,5878.1
6597.1,6339.9
6522.5,6565.8
5878.1,7129.6
6339.9,7444.4
6565.8,7102.8
7129.6,6959.2
7444.4,7389.5
7102.8,7363.8
6959.2,7152.1
7389.5,7024.8
7363.8,6737.8
7152.1,6451.2
7024.8,6124.3
6737.8,6147.5
6451.2,5726.6
6124.3,5764.6
6147.5,5887.6
5726.6,5734.0
5764.6,5513.1
5887.6,5903.6
5734.0,5982.9
5513.1,6006.6
5903.6,5993.1
5982.9,5698.6
6006.6,5575.8
5993.1,5598.6
5698.6,5759.3
5575.8,5688.1
5598.6,5824.7
5759.3,5637.3
5688.1,5432.6
5824.7,4824.2
5637.3,4763.4
5432.6,4777.5
4824.2,4611.7
4763.4,4435.8
4777.5,4371.9
4611.7,4321.4
4435.8,4218.7
4371.9,4314.2
4321.4,4401.3
4218.7,4403.1
4314.2,4360.6
4401.3,4172.8
4403.1,4195.6
4360.6,4212.2
4172.8,3892.7
4195.6,3932.8
4212.2,3667.5
3892.7,3788.0
3932.8,3600.8
3667.5,3617.3
3788.0,3882.2
3600.8,3908.0
3617.3,4100.3
3882.2,3689.6
3908.0,3698.9
4100.3,3713.8
3689.6,3243.1
3698.9,3870.3
3713.8,4158.9
3243.1,4217.9
3870.3,4245.9
4158.9,4335.1
4217.9,4326.5
4245.9,4635.6
4335.1,4618.7
4326.5,4409.1
4635.6,4267.5
4618.7,4612.9
4409.1,4573.8
4267.5,4921.9
4612.9,4735.1
4573.8,4583.0
4921.9,4597.3
4735.1,4390.3
4583.0,4345.8
4597.3,4352.3
4390.3,4364.4
4345.8,4318.4
4352.3,4141.1
4364.4,4089.7
4318.4,4005.1
4141.1,4066.6
4089.7,4150.5
4005.1,4105.4
4066.6,4278.9
4150.5,4387.4
4105.4,4161.7
4278.9,4327.9
4387.4,4062.6
4161.7,3871.6
4327.9,3654.4
4062.6,3425.7
3871.6,3348.8
3654.4,3429.4
3425.7,3401.9
3348.8,3232.0
3429.4,3262.8
3401.9,2878.5
3232.0,2810.0
3262.8,2720.5
2878.5,2747.0
2810.0,2883.3
2720.5,2766.5
2747.0,2733.5
2883.3,2806.8
2766.5,2691.9
2733.5,2559.2
2806.8,2582.6
2691.9,2763.4
2559.2,2756.6
2582.6,2836.5
2763.4,2675.1
2756.6,2866.0
2836.5,2282.6
2675.1,2320.2
2866.0,2233.4
2282.6,1914.1
2320.2,1975.1
2233.4,2234.2
1914.1,2362.4
1975.1,2403.1
2234.2,2324.3
2362.4,2344.0
2403.1,2511.4
2324.3,2564.9
2344.0,2513.9
2511.4,2614.2
2564.9,2627.9
2513.9,2617.3
2614.2,2572.5
2627.9,2536.5
2617.3,2424.6
2572.5,2480.6
2536.5,2558.4
2424.6,2577.7
2480.6,2583.8
2558.4,2446.1
2577.7,2541.6
2583.8,2590.1
2446.1,2710.4
2541.6,2722.8
2590.1,2677.6
2710.4,2754.4
2722.8,2616.8
2677.6,2539.6
2754.4,2655.1
2616.8,2508.6
2539.6,2442.5
2655.1,2467.3
2508.6,2713.0
2442.5,2656.8
2467.3,2973.4
2713.0,2900.3
2656.8,2811.4
2973.4,2798.8
2900.3,2691.5
2811.4,2870.5
2798.8,2705.0
2691.5,2524.1
2870.5,2545.4
2705.0,2492.6
2524.1,2412.6
2545.4,2303.3
2492.6,2192.6
2412.6,2278.2
2303.3,2189.0
2192.6,2052.4
2278.2,2244.9
2189.0,2307.2
2052.4,2445.3
2244.9,2272.6
2307.2,2124.4
2445.3,2044.2
2272.6,2040.2
2124.4,1962.0
2044.2,1881.0
2040.2,1801.3
1962.0,1729.3
1881.0,1708.9
1801.3,1772.6
1729.3,1763.7
1708.9,1686.4
1772.6,1819.3
1763.7,1752.3
1686.4,1697.5
1819.3,1664.5
1752.3,1554.4
1697.5,1545.3
1664.5,1507.8
1554.4,1516.8
1545.3,1485.6
1507.8,1445.9
1516.8,1415.8
1485.6,1351.9
1445.9,1336.3
1415.8,1329.6
1351.9,1332.9
1336.3,1286.6
1329.6,1264.3
1332.9,1248.2
1286.6,1249.1
1264.3,1240.9
1248.2,1249.6
1249.1,1238.1
1240.9,1215.2
1249.6,1206.1
1238.1,1194.0
1215.2,1176.8
1206.1,1177.0
1194.0,1177.3
1176.8,1176.2
1177.0,1212.5
1177.3,1220.7
1176.2,1206.7
1212.5,1204.3
1220.7,1180.8
1206.7,1190.5
1204.3,1188.7
1180.8,1129.9
1190.5,1141.8
1188.7,1147.6
1129.9,1097.4
1141.8,1086.1
1147.6,1079.1
1097.4,1037.9
1086.1,1041.9
1079.1,1044.4
1037.9,1045.1
1041.9,969.4
1044.4,966.3
1045.1,939.7
969.4,1035.0
966.3,1044.7
939.7,1121.3
1035.0,1047.5
1044.7,1022.6
1121.3,971.4
1047.5,1071.7
1022.6,1172.9
971.4,1253.4
1071.7,1243.1
1172.9,1238.2
1253.4,1225.1
1243.1,1179.2
1238.2,1112.4
1225.1,1191.3
1179.2,1147.0
1112.4,1232.7
1191.3,1277.0
1147.0,1271.2
1232.7,1264.3
1277.0,1283.3
1271.2,1255.5
1264.3,1222.7
1283.3,1189.3
1255.5,1188.8
1222.7,1171.6
1189.3,1149.1
1188.8,1176.5
1171.6,1171.9
1149.1,1120.5
1176.5,1119.0
1171.9,1077.6
1120.5,1048.9
1119.0,1052.3
1077.6,1049.4
1048.9,1031.9
1052.3,1008.2
1049.4,1008.3
1031.9,995.4
1008.2,996.5
1008.3,1008.3
995.4,997.6
996.5,979.0
1008.3,1055.5
997.6,1049.6
979.0,1024.7
1055.5,1016.1
1049.6,1031.8
1024.7,1013.0
1016.1,1004.0
1031.8,982.4
1013.0,965.5
1004.0,920.7
982.4,914.5
965.5,918.5
920.7,918.0
914.5,915.6
918.5,894.4
918.0,893.8
915.6,921.5
894.4,918.8
893.8,919.8
921.5,892.9
918.8,895.2
919.8,872.0
892.9,899.7
895.2,827.3
872.0,821.2
899.7,819.6
827.3,824.8
821.2,810.1
819.6,785.4
824.8,904.4
810.1,899.8
785.4,900.9
904.4,888.9
899.8,886.2
900.9,989.3
888.9,1135.4
886.2,1033.3
989.3,1017.0
1135.4,995.4
1033.3,963.4
1017.0,959.0
995.4,971.1
963.4,972.2
959.0,925.8
971.1,898.4
972.2,891.1
925.8,891.1
898.4,917.2
891.1,860.2
891.1,829.2
917.2,799.1
860.2,789.8
829.2,789.0
799.1,787.2
789.8,782.0
789.0,775.2
787.2,776.5
782.0,778.7
775.2,778.5
776.5,767.9
778.7,774.0
778.5,770.5
767.9,768.5
774.0,765.6
770.5,758.2
768.5,754.3
765.6,766.4
758.2,764.2
754.3,770.9
766.4,752.6
764.2,742.5
770.9,732.6
752.6,733.3
742.5,729.4
732.6,734.1
733.3,740.4
729.4,735.3
734.1,741.1
740.4,749.3
735.3,736.2
741.1,728.5
749.3,747.9
736.2,747.0
728.5,737.5
747.9,740.3
747.0,711.1
737.5,704.6
740.3,702.0
711.1,704.3
704.6,715.0
702.0,714.6
704.3,721.4
715.0,710.9
714.6,705.4
721.4,709.9
710.9,702.1
705.4,702.1
709.9,684.9
702.1,733.5
702.1,726.8
684.9,698.7
733.5,697.3
726.8,715.0
698.7,686.2
697.3,682.3
715.0,674.7
686.2,651.0
682.3,650.5
674.7,653.0
651.0,655.5
650.5,630.5
653.0,628.3
655.5,629.1
630.5,635.3
628.3,637.4
629.1,640.1
635.3,637.0
637.4,637.9
640.1,635.6
637.0,636.0
637.9,640.5
635.6,617.3
636.0,615.8
640.5,617.7
617.3,616.0
615.8,611.0
617.7,611.8
616.0,609.0
611.0,611.6
611.8,610.7
609.0,613.4
611.6,608.1
610.7,604.7
613.4,604.7
608.1,605.5
604.7,606.5
604.7,601.5
605.5,602.6
606.5,602.9
601.5,595.6
602.6,597.2
602.9,609.2
595.6,609.8
597.2,610.7
609.2,607.1
609.8,607.8
610.7,608.1
607.1,609.5
607.8,608.6
608.1,608.0
609.5,605.6
608.6,624.5
608.0,623.2
605.6,625.6
624.5,613.2
623.2,610.4
625.6,605.8
613.2,609.5
610.4,598.8
605.8,575.3
609.5,572.0
598.8,573.9
575.3,577.3
572.0,574.2
573.9,575.0
577.3,570.3
574.2,579.4
575.0,578.0
570.3,579.7
579.4,583.6
578.0,587.5
579.7,580.7
583.6,582.6
587.5,574.6
580.7,573.4
582.6,572.3
574.6,580.2
573.4,567.0
572.3,569.1
580.2,584.6
567.0,587.1
569.1,587.8
584.6,590.9
587.1,585.3
587.8,589.2
590.9,590.8
585.3,586.5
589.2,574.7
590.8,576.2
586.5,566.4
574.7,513.4
576.2,607.0
566.4,621.9
513.4,654.7
607.0,655.4
621.9,654.1
654.7,654.5
655.4,654.4
654.1,654.0
654.5,659.3
654.4,655.2
654.0,651.1
659.3,664.6
655.2,664.4
651.1,671.1
664.6,670.4
664.4,676.3
671.1,660.7
670.4,664.2
676.3,657.3
660.7,661.2
664.2,670.6
657.3,646.7
661.2,647.1
670.6,651.8
646.7,662.8
647.1,635.3
651.8,672.7
662.8,663.7
635.3,675.2
672.7,661.6
663.7,698.1
675.2,674.6
661.6,670.0
698.1,636.5
674.6,644.9
670.0,644.7
636.5,625.4
644.9,663.5
644.7,656.9
625.4,620.8
663.5,590.6
656.9,667.4
620.8,734.0
590.6,761.0
667.4,753.8
734.0,743.9
761.0,761.2
753.8,690.8
743.9,685.1
761.2,700.1
690.8,666.5
685.1,591.6
700.1,577.9
666.5,574.7
591.6,580.5
577.9,575.6
574.7,583.6
580.5,574.9
575.6,572.0
583.6,567.0
574.9,537.1
572.0,537.4
567.0,528.9
537.1,532.3
537.4,516.0
528.9,524.2
532.3,474.0
516.0,453.3
524.2,449.8
474.0,446.1
453.3,443.7
449.8,439.6
446.1,443.6
443.7,442.1
439.6,442.7
443.6,454.2
442.1,453.3
442.7,454.9
454.2,458.1
453.3,456.4
454.9,455.4
458.1,454.4
456.4,452.5
455.4,449.4
454.4,460.4
452.5,457.9
449.4,458.5
460.4,459.6
457.9,448.1
458.5,445.8
459.6,450.3
448.1,444.2
445.8,452.2
450.3,448.5
444.2,455.0
452.2,448.5
448.5,447.0
455.0,466.0
448.5,461.7
447.0,457.6
466.0,450.1
461.7,445.3
457.6,449.3
450.1,441.2
445.3,434.9
449.3,427.7
441.2,426.3
434.9,430.0
427.7,428.7
426.3,424.0
430.0,423.5
428.7,424.7
424.0,421.4
423.5,420.3
424.7,418.0
421.4,417.7
420.3,420.1
418.0,421.3
417.7,422.1
420.1,419.3
421.3,419.1
422.1,418.5
419.3,415.6
419.1,415.7
418.5,412.4
415.6,415.0
415.7,422.2
412.4,424.6
415.0,416.5
422.2,415.7
424.6,414.7
416.5,417.0
415.7,416.2
414.7,411.1
417.0,411.5
416.2,408.7
411.1,408.2
411.5,418.2
408.7,415.9
408.2,415.1
418.2,414.3
415.9,412.4
415.1,410.4
414.3,419.1
412.4,415.8
410.4,412.8
419.1,411.9
415.8,414.9
412.8,406.0
411.9,399.0
414.9,409.5
406.0,419.6
399.0,425.4
409.5,434.0
419.6,436.2
425.4,432.5
434.0,431.3
436.2,427.3
432.5,423.5
431.3,422.7
427.3,419.9
423.5,437.8
422.7,437.9
419.9,440.1
437.8,420.0
437.9,421.4
440.1,417.1
420.0,406.4
421.4,401.1
417.1,405.5
406.4,390.1
401.1,384.0
405.5,379.5
390.1,381.9
384.0,375.3
379.5,372.6
381.9,377.9
375.3,376.7
372.6,386.5
377.9,390.6
376.7,368.0
386.5,373.9
390.6,372.2
368.0,369.8
373.9,377.8
372.2,380.3
369.8,379.7
377.8,395.0
380.3,389.8
379.7,392.8
395.0,402.1
389.8,388.6
392.8,382.6
402.1,410.2
388.6,414.6
382.6,379.5
410.2,384.4
414.6,382.5
379.5,385.0
384.4,372.3
382.5,429.1
385.0,432.2
372.3,445.0
429.1,447.7
432.2,446.2
445.0,448.3
447.7,452.9
446.2,457.0
448.3,430.8
452.9,431.2
457.0,433.3
430.8,430.7
431.2,433.7
433.3,434.0
430.7,430.0
433.7,427.1
434.0,431.9
430.0,421.8
427.1,422.4
431.9,415.4
421.8,454.0
422.4,453.0
415.4,442.4
454.0,437.0
453.0,437.6
442.4,441.8
437.0,461.2
437.6,463.2
441.8,455.5
461.2,454.0
463.2,462.6
455.5,442.0
454.0,434.7
462.6,432.3
442.0,449.8
434.7,415.5
432.3,416.0
449.8,410.7
415.5,394.3
416.0,393.4
410.7,386.7
394.3,361.7
393.4,360.3
386.7,360.0
361.7,361.8
360.3,378.0
360.0,370.8
361.8,355.8
378.0,359.5
370.8,353.7
355.8,327.5
359.5,318.4
353.7,322.1
327.5,322.8
318.4,324.7
322.1,321.1
322.8,325.0
324.7,335.9
321.1,333.9
325.0,330.2
335.9,317.5
333.9,331.8
330.2,333.8
317.5,333.9
331.8,304.7
333.8,336.7
333.9,380.2
304.7,371.6
336.7,385.1
380.2,369.8
371.6,382.7
385.1,400.9
369.8,396.5
382.7,359.3
400.9,323.0
396.5,311.2
359.3,327.1
323.0,313.6
311.2,303.5
327.1,294.7
313.6,285.1
303.5,287.9
294.7,282.6
285.1,276.9
287.9,274.4
282.6,267.1
276.9,269.8
274.4,263.8
267.1,261.7
269.8,269.6
263.8,262.9
261.7,254.4
269.6,252.3
262.9,248.8
254.4,245.4
252.3,247.6
248.8,245.4
245.4,244.0
247.6,242.6
245.4,243.0
244.0,246.1
242.6,240.1
243.0,238.3
246.1,238.6
240.1,236.7
238.3,237.1
238.6,235.9
236.7,236.7
237.1,238.9
235.9,232.5
236.7,234.3
238.9,235.0
232.5,233.8
234.3,229.9
235.0,230.0
233.8,226.3
229.9,231.1
230.0,231.1
226.3,232.2
231.1,232.7
231.1,228.6
232.2,229.5
232.7,229.9
228.6,230.2
229.5,235.6
229.9,239.9
230.2,238.1
235.6,237.4
239.9,243.2
238.1,239.6
237.4,239.9
243.2,233.7
239.6,230.3
239.9,226.2
233.7,228.6
230.3,227.2
226.2,229.5
228.6,228.4
227.2,228.5
229.5,231.6
228.4,222.7
228.5,225.0
231.6,220.5
222.7,211.4
225.0,226.8
220.5,229.5
211.4,232.4
226.8,234.7
229.5,226.0
232.4,246.7
234.7,257.1
226.0,257.1
246.7,260.5
257.1,265.0
257.1,263.4
260.5,267.7
265.0,269.0
263.4,263.3
267.7,263.9
269.0,258.6
263.3,277.9
263.9,278.0
258.6,281.7
277.9,284.3
278.0,281.6
281.7,281.4
284.3,280.5
281.6,283.7
281.4,287.0
280.5,288.4
283.7,293.7
287.0,293.0
288.4,291.8
293.7,288.7
293.0,288.4
291.8,275.5
288.7,276.5
288.4,275.1
275.5,277.7
276.5,273.2
275.1,274.0
277.7,279.6
273.2,276.6
274.0,283.4
279.6,287.0
276.6,290.4
283.4,310.4
287.0,292.0
290.4,283.6
310.4,269.1
292.0,268.6
283.6,266.2
269.1,269.1
268.6,270.1
266.2,260.5
269.1,255.4
270.1,254.9
260.5,257.6
255.4,264.1
254.9,257.0
257.6,248.9
264.1,250.7
257.0,242.9
248.9,242.6
250.7,240.6
242.9,243.8
242.6,247.5
240.6,244.1
243.8,245.0
247.5,244.1
244.1,248.4
245.0,247.4
244.1,249.8
248.4,237.0
247.4,233.8
249.8,232.5
237.0,230.5
233.8,229.9
232.5,228.8
230.5,229.6
229.9,228.6
228.8,223.5
229.6,224.7
228.6,225.3
223.5,224.2
224.7,225.6
225.3,225.7
224.2,223.1
225.6,229.8
225.7,233.2
223.1,237.0
229.8,237.3
233.2,237.3
237.0,237.8
237.3,237.4
237.3,241.0
237.8,238.9
237.4,240.4
241.0,235.4
238.9,234.0
240.4,232.0
235.4,232.6
234.0,236.3
232.0,236.2
232.6,237.2
236.3,236.9
236.2,236.4
237.2,241.6
236.9,241.8
236.4,240.0
241.6,241.4
241.8,243.7
240.0,237.7
241.4,230.0
243.7,235.8
237.7,239.0
230.0,240.0
235.8,235.3
239.0,233.2
240.0,235.8
235.3,225.4
233.2,225.8
235.8,229.0
225.4,218.7
225.8,226.1
229.0,231.1
218.7,235.4
226.1,233.8
231.1,233.7
235.4,224.2
233.8,223.0
233.7,223.4
224.2,222.6
223.0,228.0
223.4,223.0
222.6,218.0
228.0,223.6
223.0,235.9
218.0,236.5
223.6,234.7
235.9,243.3
236.5,244.6
234.7,253.0
243.3,255.0
244.6,259.6
253.0,252.9
255.0,254.5
259.6,252.6
252.9,246.2
254.5,244.1
252.6,246.8
246.2,242.1
244.1,252.0
246.8,247.2
242.1,248.0
252.0,246.4
247.2,246.7
248.0,265.5
246.4,268.6
246.7,259.7
265.5,261.8
268.6,260.9
259.7,255.9
261.8,285.4
260.9,290.4
255.9,284.9
285.4,281.6
290.4,287.2
284.9,293.9
281.6,295.6
287.2,291.4
293.9,290.0
295.6,274.5
291.4,274.9
290.0,272.6
274.5,275.2
274.9,271.9
272.6,280.6
275.2,273.8
271.9,257.9
280.6,254.1
273.8,253.5
257.9,236.5
254.1,237.3
253.5,238.9
236.5,238.8
237.3,235.7
238.9,244.4
238.8,244.5
235.7,241.9
244.4,235.2
244.5,243.2
241.9,235.8
235.2,233.3
243.2,258.6
235.8,236.2
233.3,221.8
258.6,218.8
236.2,219.7
221.8,220.3
218.8,223.7
219.7,227.7
220.3,223.0
223.7,216.5
227.7,226.6
223.0,227.4
216.5,238.9
226.6,225.3
227.4,218.5
238.9,231.8
225.3,234.0
218.5,236.2
231.8,263.3
234.0,269.2
236.2,252.1
263.3,248.2
269.2,232.2
252.1,232.7
248.2,228.2
232.2,210.6
232.7,215.9
228.2,210.6
210.6,199.6
215.9,206.9
210.6,209.8
199.6,164.9
206.9,221.3
209.8,269.3
164.9,264.8
221.3,273.4
269.3,288.0
264.8,282.7
273.4,291.3
288.0,282.3
282.7,274.8
291.3,264.7
282.3,287.1
274.8,315.2
264.7,314.9
287.1,318.2
315.2,311.3
314.9,314.1
318.2,316.5
311.3,315.3
314.1,330.0
316.5,319.0
315.3,322.4
330.0,335.3
319.0,330.8
322.4,322.6
335.3,330.4
330.8,317.8
322.6,310.3
330.4,320.0
317.8,330.2
310.3,345.4
320.0,349.4
330.2,348.2
345.4,353.4
349.4,347.7
348.2,347.9
353.4,352.2
347.7,365.0
347.9,376.5
352.2,376.3
365.0,377.6
376.5,369.8
376.3,377.0
377.6,380.6
369.8,378.6
377.0,374.9
380.6,376.3
378.6,377.6
374.9,368.8
376.3,365.4
377.6,376.4
368.8,378.9
365.4,365.9
376.4,352.0
378.9,351.8
365.9,357.3
352.0,381.4
351.8,379.2
357.3,384.7
381.4,385.6
379.2,374.9
384.7,396.5
385.6,428.7
374.9,432.0
396.5,365.4
428.7,367.1
432.0,362.0
365.4,343.5
367.1,341.9
362.0,347.7
343.5,338.0
341.9,328.0
347.7,324.2
338.0,322.5
328.0,325.4
324.2,337.9
322.5,344.9
325.4,335.1
337.9,351.1
344.9,350.1
335.1,348.7
351.1,346.7
350.1,355.1
348.7,355.8
346.7,378.9
355.1,382.4
355.8,380.4
378.9,387.3
382.4,390.9
380.4,380.5
387.3,379.8
390.9,393.2
380.5,397.1
379.8,387.3
393.2,373.2
397.1,361.2
387.3,361.7
373.2,360.9
361.2,350.9
361.7,331.6
360.9,331.5
350.9,322.9
331.6,335.3
331.5,363.5
322.9,375.1
335.3,382.8
363.5,388.2
375.1,376.8
382.8,379.1
388.2,399.0
376.8,404.5
379.1,412.3
399.0,423.8
404.5,436.9
412.3,404.1
423.8,401.6
436.9,411.5
404.1,397.7
401.6,424.3
411.5,461.1
397.7,466.8
424.3,477.7
461.1,477.7
466.8,478.2
477.7,477.7
477.7,478.5
478.2,479.7
477.7,474.9
478.5,475.7
479.7,485.8
474.9,484.5
475.7,483.6
485.8,491.0
484.5,480.0
483.6,478.9
491.0,477.2
480.0,481.8
478.9,506.0
477.2,512.6
481.8,510.8
506.0,515.2
512.6,512.6
510.8,502.9
515.2,509.7
512.6,497.7
502.9,516.1
509.7,517.9
497.7,516.8
516.1,485.1
517.9,462.2
516.8,485.5
485.1,522.0
462.2,496.5
485.5,504.8
522.0,542.1
496.5,567.7
504.8,575.9
542.1,592.1
567.7,589.5
575.9,595.8
592.1,592.8
589.5,589.8
595.8,588.8
592.8,592.8
589.8,588.9
588.8,591.7
592.8,598.8
588.9,589.5
591.7,564.6
598.8,585.8
589.5,587.9
564.6,595.0
585.8,596.0
587.9,600.5
595.0,601.9
596.0,621.7
600.5,622.5
601.9,625.1
621.7,621.0
622.5,627.0
625.1,627.5
621.0,626.6
627.0,614.8
627.5,619.6
626.6,618.3
614.8,628.0
619.6,635.9
618.3,632.9
628.0,618.4
635.9,623.0
632.9,615.3
618.4,613.6
623.0,626.7
615.3,623.0
613.6,624.0
626.7,638.0
623.0,645.7
624.0,643.2
638.0,635.1
645.7,601.1
643.2,597.6
635.1,602.2
601.1,582.7
597.6,568.5
602.2,588.8
582.7,591.2
568.5,603.6
588.8,597.0
591.2,590.8
603.6,600.2
597.0,606.2
590.8,605.1
600.2,599.1
606.2,582.3
605.1,583.4
599.1,610.3
582.3,597.1
583.4,643.0
610.3,655.6
597.1,644.3
643.0,651.0
655.6,651.7
644.3,650.4
651.0,660.2
651.7,638.9
650.4,669.4
660.2,655.5
638.9,649.8
669.4,627.9
655.5,612.3
649.8,564.4
627.9,570.8
612.3,570.1
564.4,582.0
570.8,570.4
570.1,520.5
582.0,518.1
570.4,515.4
520.5,488.8
518.1,484.6
515.4,443.9
488.8,450.1
484.6,452.8
443.9,453.6
450.1,448.1
452.8,442.6
453.6,433.9
448.1,438.2
442.6,433.2
433.9,451.9
438.2,445.5
433.2,441.1
451.9,446.5
445.5,432.2
441.1,430.9
446.5,436.0
432.2,438.6
430.9,453.7
436.0,460.1
438.6,445.6
453.7,446.1
460.1,441.9
445.6,443.2
446.1,457.9
441.9,464.5
443.2,500.3
457.9,487.3
464.5,487.9
500.3,495.2
487.3,498.5
487.9,506.0
495.2,485.5
498.5,502.0
506.0,537.0
485.5,526.4
502.0,478.4
537.0,427.6
526.4,437.6
478.4,435.1
427.6,384.6
437.6,457.3
435.1,466.6
384.6,462.4
457.3,455.7
466.6,456.6
462.4,444.4
455.7,436.3
456.6,424.4
444.4,463.5
436.3,444.7
424.4,446.9
463.5,477.1
444.7,482.6
446.9,460.5
477.1,562.5
482.6,562.9
460.5,567.6
562.5,551.2
562.9,564.3
567.6,549.6
551.2,566.0
564.3,595.0
549.6,598.9
566.0,606.4
595.0,619.1
598.9,624.0
606.4,614.0
619.1,625.0
624.0,619.4
614.0,608.7
625.0,613.0
619.4,627.0
608.7,609.2
613.0,616.7
627.0,648.3
609.2,658.3
616.7,661.8
648.3,662.2
658.3,544.6
661.8,557.4
662.2,573.9
544.6,596.5
557.4,593.1
573.9,135.8
596.5,174.0
593.1,310.2
135.8,255.6
174.0,111.6
310.2,111.9
255.6,261.5
111.6,294.0
111.9,272.3
261.5,299.8
294.0,371.1
272.3,427.7
299.8,451.4
371.1,531.1
427.7,579.0
451.4,582.6
531.1,659.6
579.0,648.8
582.6,695.7
659.6,828.9
648.8,904.5
695.7,926.6
828.9,931.7
904.5,953.3
926.6,940.4
931.7,938.8
953.3,941.4
940.4,925.7
938.8,932.7
941.4,943.5
925.7,1007.0
932.7,961.0
943.5,916.5
1007.0,944.2
961.0,951.0
916.5,962.2
944.2,956.0
951.0,954.8
962.2,905.7
956.0,894.2
954.8,913.5
905.7,941.2
894.2,919.3
913.5,922.9
941.2,939.8
919.3,1005.3
922.9,957.8
939.8,937.0
1005.3,938.8
957.8,879.9
937.0,1012.7
938.8,1014.7
879.9,924.7
1012.7,884.3
1014.7,856.9
924.7,815.9
884.3,805.9
856.9,804.8
815.9,785.0
805.9,762.0
804.8,803.0
785.0,802.0
762.0,707.3
803.0,702.8
802.0,713.2
707.3,639.5
702.8,640.5
713.2,650.0
639.5,732.0
640.5,541.0
650.0,715.0
732.0,759.9
541.0,919.9
715.0,908.9
759.9,936.8
919.9,900.0
908.9,919.9
936.8,1033.7
900.0,919.0
919.9,804.0
1033.7,697.0
919.0,845.0
804.0,1106.3
697.0,1237.6
845.0,1154.9
1106.3,1096.6
1237.6,1004.4
1154.9,1205.7
1096.6,1206.9
1004.4,1101.4
1205.7,1079.9
1206.9,970.0
1101.4,830.0
1079.9,795.0
970.0,832.5
830.0,802.0
795.0,764.9
832.5,638.0
802.0,645.7
764.9,785.4
638.0,528.3
645.7,462.0
785.4,433.9
528.3,433.4
462.0,434.9
433.9,380.0
433.4,363.0
434.9,336.3
380.0,367.8
363.0,355.0
336.3,309.6
367.8,264.1
355.0,251.3
309.6,238.2
264.1,224.0
251.3,211.7
238.2,213.4
224.0,211.2
211.7,208.0
213.4,216.0
211.2,206.9
208.0,206.9
216.0,188.6
206.9,197.9
206.9,207.0
188.6,228.0
197.9,203.0
207.0,192.8
228.0,186.1
203.0,183.1
192.8,168.3
186.1,157.6
183.1,152.8
168.3,158.1
157.6,151.4
152.8,147.5
158.1,142.9
151.4,140.1
147.5,140.4
142.9,139.5
140.1,136.5
140.4,135.8
139.5,137.8
136.5,136.7
135.8,136.8
137.8,131.0
136.7,123.0
136.8,140.3
131.0,141.9
123.0,143.9
140.3,142.5
141.9,138.9
143.9,137.1
142.5,135.0
138.9,134.8
137.1,133.4
135.0,134.0
134.8,134.4
133.4,133.8
134.0,135.1
134.4,140.4
133.8,139.1
135.1,139.4
140.4,138.3
139.1,136.7
139.4,140.7
138.3,139.4
136.7,142.1
140.7,132.6
139.4,133.1
142.1,126.3
132.6,129.0
133.1,121.9
126.3,130.2
129.0,132.5
121.9,144.0
130.2,144.0
132.5,146.0
144.0,141.0
144.0,138.0
146.0,129.3
141.0,128.8
138.0,131.3
129.3,120.1
128.8,122.1
131.3,119.6
120.1,118.5
122.1,122.0
119.6,123.3
118.5,121.2
122.0,118.5
123.3,113.4
121.2,112.8
118.5,109.0
113.4,110.0
112.8,112.6
109.0,109.6
110.0,106.8
112.6,105.0
109.6,103.0
106.8,102.8
105.0,103.1
103.0,106.0
102.8,106.6
103.1,106.7
106.0,105.1
106.6,104.9
106.7,104.5
105.1,104.0
104.9,106.2
104.5,108.0
104.0,101.5
106.2,98.8
108.0,94.4
101.5,96.0
98.8,96.9
94.4,95.1
96.0,95.6
96.9,91.6
95.1,92.0
95.6,89.8
91.6,92.0
92.0,90.1
89.8,98.5
92.0,97.1
90.1,98.9
98.5,94.4
97.1,98.3
98.9,94.0
94.4,89.0
98.3,88.0
94.0,76.7
89.0,76.0
88.0,76.5
76.7,69.7
76.0,68.5
76.5,80.0
69.7,78.9
68.5,90.4
80.0,88.1
78.9,97.5
90.4,95.0
88.1,94.7
97.5,101.7
95.0,104.0
94.7,103.3
101.7,102.1
104.0,107.9
103.3,108.2
102.1,109.5
107.9,111.3
108.2,108.3
109.5,107.3
111.3,101.9
108.3,99.9
107.3,99.8
101.9,100.0
99.9,103.9
99.8,108.8
100.0,109.0
103.9,106.3
108.8,100.4
109.0,107.9
106.3,111.0
100.4,119.0
107.9,121.9
111.0,121.4
119.0,120.7
121.9,122.5
121.4,129.3
120.7,128.8
122.5,128.8
129.3,132.3
128.8,129.0
128.8,129.8
132.3,133.5
129.0,132.0
129.8,133.1
133.5,126.3
132.0,123.8
133.1,122.9
126.3,122.0
123.8,122.5
122.9,123.2
122.0,123.5
122.5,118.2
123.2,114.2
123.5,111.4
118.2,118.0
114.2,114.8
111.4,115.6
118.0,117.7
114.8,112.8
115.6,113.2
117.7,109.6
112.8,112.3
113.2,116.0
109.6,112.9
112.3,98.1
116.0,106.3
112.9,116.4
98.1,139.2
106.3,144.0
116.4,134.4
139.2,128.0
144.0,136.9
134.4,141.7
128.0,154.2
136.9,143.5
141.7,127.4
154.2,119.2
143.5,126.6
127.4,118.5
119.2,109.0
126.6,93.1
118.5,68.4
109.0,82.4
93.1,90.0
68.4,93.0
82.4,117.0
90.0,124.9
93.0,165.0
117.0,230.0
124.9,187.5
165.0,162.3
230.0,142.6
187.5,142.3
162.3,132.1
142.6,135.0
142.3,118.0
132.1,104.0
135.0,93.0
118.0,92.2
104.0,90.5
93.0,86.2
92.2,88.9
90.5,78.5
86.2,73.6
88.9,71.5
78.5,64.3
73.6,69.9
71.5,70.8
64.3,64.5
69.9,59.1
70.8,51.6
64.5,47.4
59.1,47.0
51.6,47.0
47.4,47.2
47.0,46.9
47.0,44.3
47.2,48.4
46.9,46.0
44.3,46.8
48.4,44.2
46.0,42.0
46.8,41.0
44.2,40.3
42.0,36.2
41.0,34.5
40.3,34.3
36.2,34.5
34.5,33.4
34.3,30.9
34.5,31.1
33.4,30.4
30.9,29.9
31.1,29.8
30.4,30.3
29.9,29.8
29.8,29.6
30.3,29.4
29.8,27.0
29.6,26.8
29.4,27.2
27.0,27.1
26.8,27.2
27.2,24.2
27.1,25.2
27.2,24.6
24.2,24.0
25.2,23.6
24.6,22.7
24.0,22.1
23.6,21.2
22.7,20.6
22.1,20.4
21.2,20.6
20.6,19.6
20.4,20.5
20.6,20.4
19.6,19.7
20.5,19.5
20.4,18.7
19.7,17.8
19.5,17.9
18.7,17.4
17.8,16.9
17.9,17.5
17.4,17.3
16.9,16.8
17.5,15.7
17.3,15.6
16.8,15.7
15.7,15.5
15.6,14.7
15.7,14.3
15.5,14.3
14.7,14.1
14.3,14.2
14.3,14.1
14.1,14.1
14.2,13.8
14.1,13.7
14.1,13.6
13.8,13.4
13.7,13.4
13.6,13.5
13.4,13.4
13.4,13.3
13.5,13.3
13.4,13.5
13.3,13.4
13.3,13.4
13.5,13.4
13.4,13.4
13.4,13.5
13.4,13.4
13.4,13.4
13.5,13.3
13.4,13.4
13.4,13.5
13.3,13.5
13.4,13.6
13.5,13.3
13.5,13.3
13.6,13.3
13.3,13.5
13.3,13.6
13.3,13.7
13.5,13.7
13.6,13.6
13.7,13.4
13.7,13.4
13.6,13.4
13.4,13.5
13.4,13.3
13.4,13.4
13.5,13.4
13.3,12.7
13.4,12.5
13.4,12.6
12.7,12.6
12.5,12.4
12.6,12.4
12.6,12.2
12.4,12.3
12.4,12.5
12.2,12.4
12.3,12.4
12.5,12.4
12.4,11.8
12.4,11.7
12.4,11.8
11.8,11.6
11.7,11.8
11.8,11.8
11.6,11.2
11.8,10.9
11.8,10.9
11.2,11.0
10.9,10.9
10.9,10.9
11.0,10.8
10.9,10.9
10.9,10.9
10.8,10.9
10.9,10.8
10.9,10.8
10.9,10.6
10.8,10.5
10.8,10.6
10.6,11.2
10.5,10.9
10.6,10.6
11.2,10.7
10.9,10.3
10.6,10.2
10.7,10.9
10.3,11.6
10.2,11.6
10.9,11.7
11.6,11.6
11.6,11.7
11.7,11.7
11.6,11.9
11.7,11.8
11.7,11.9
11.9,11.8
11.8,11.7
11.9,11.9
11.8,12.0
11.7,12.0
11.9,12.1
12.0,11.9
12.0,11.8
12.1,11.8
11.9,12.5
11.8,12.7
11.8,12.9
12.5,12.9
12.7,12.8
12.9,12.4
12.9,12.4
12.8,12.4
12.4,12.4
12.4,12.3
12.4,12.3
12.4,12.2
12.3,12.1
12.3,12.2
12.2,12.2
12.1,12.4
12.2,12.3
12.2,12.6
12.4,12.3
12.3,11.9
12.6,11.9
12.3,11.8
11.9,11.7
11.9,11.4
11.8,11.4
11.7,11.3
11.4,11.2
11.4,11.0
11.3,11.0
11.2,11.0
11.0,11.2
11.0,11.0
11.0,10.4
11.2,10.5
11.0,10.2
10.4,10.0
10.5,10.2
10.2,10.8
10.0,10.9
10.2,10.9
10.8,10.9
10.9,10.6
10.9,10.5
10.9,10.6
10.6,10.1
10.5,9.8
10.6,9.9
10.1,10.1
9.8,8.0
9.9,11.6
10.1,11.6
8.0,13.5
11.6,13.3
11.6,12.2
13.5,12.0
13.3,11.6
12.2,11.5
12.0,11.4
11.6,11.1
11.5,11.1
11.4,11.1
11.1,10.9
11.1,10.9
11.1,11.0
10.9,11.0
10.9,10.5
11.0,9.6
11.0,9.4
10.5,9.1
9.6,8.7
9.4,8.9
9.1,8.9
8.7,8.9
8.9,8.8
8.9,8.6
8.9,8.4
8.8,8.4
8.6,8.9
8.4,8.5
8.4,8.9
8.9,9.1
8.5,8.8
8.9,8.5
9.1,7.6
8.8,7.5
8.5,7.7
7.6,7.8
7.5,7.2
7.7,7.2
7.8,7.0
7.2,6.8
7.2,6.8
7.0,6.7
6.8,6.7
6.8,6.5
6.7,6.4
6.7,6.8
6.5,6.6
6.4,6.7
6.8,6.7
6.6,6.6
6.7,6.7
6.7,6.4
6.6,6.3
6.7,6.3
6.4,6.4
6.3,6.6
6.3,6.7
6.4,6.7
6.6,6.5
6.7,6.3
6.7,6.2
6.5,6.4
6.3,6.5
6.2,5.9
6.4,5.9
6.5,5.7
5.9,5.6
5.9,5.5
5.7,5.6
5.6,5.6
5.5,5.6
5.6,5.5
5.6,5.4
5.6,5.3
5.5,5.2
5.4,5.3
5.3,5.3
5.2,5.2
5.3,5.1
5.3,5.2
5.2,5.1
5.1,5.1
5.2,5.1
5.1,5.2
5.1,5.1
5.1,5.1
5.2,5.1
5.1,5.1
5.1,5.1
5.1,5.1
5.1,5.1
5.1,5.1
5.1,5.1
5.1,5.0
5.1,5.0
5.1,4.9
5.0,4.9
5.0,5.0
4.9,4.8
4.9,5.0
5.0,5.1
4.8,5.1
5.0,5.1
5.1,5.1
5.1,5.1
5.1,5.1
5.1,5.1
5.1,5.0
5.1,4.9
5.1,4.9
5.0,5.0
4.9,5.1
4.9,5.1
5.0,5.1
5.1,5.1
5.1,5.0
5.1,5.2
5.1,5.3
5.0,5.3
5.2,5.1
5.3,5.1
5.3,5.0
5.1,4.9
5.1,5.0
5.0,5.0
4.9,4.9
5.0,4.9
5.0,4.9
4.9,4.8
4.9,4.9
4.9,4.8
4.8,4.7
4.9,4.9
4.8,4.9
4.7,4.9
4.9,4.9
4.9,5.0
4.9,4.8
4.9,4.9
5.0,4.9
4.8,4.8
4.9,4.8
4.9,4.8
4.8,4.6
4.8,4.6
4.8,4.7
4.6,4.7
4.6,4.7
4.7,4.8
4.7,4.8
4.7,4.7
4.8,5.3
4.8,5.2
4.7,5.3
5.3,5.3
5.2,5.4
5.3,5.3
5.3,4.9
5.4,4.9
5.3,4.8
4.9,4.9
4.9,4.9
4.8,4.9
4.9,5.0
4.9,5.0
4.9,4.8
5.0,4.6
5.0,4.7
4.8,4.9
4.6,4.9
4.7,4.9
4.9,5.0
4.9,4.9
4.9,4.8
5.0,5.0
4.9,5.0
4.8,4.4
5.0,4.3
5.0,4.4
4.4,4.4
4.3,4.2
4.4,4.4
4.4,4.3
4.2,4.3
4.4,4.5
4.3,5.3
4.3,5.5
4.5,5.6
5.3,5.9
5.5,5.8
5.6,5.6
5.9,5.7
5.8,5.4
5.6,5.7
5.7,5.9
5.4,6.0
5.7,6.1
5.9,6.1
6.0,5.5
6.1,5.5
6.1,5.4
5.5,5.6
5.5,5.3
5.4,5.3
5.6,5.8
5.3,6.3
5.3,6.4
5.8,6.3
6.3,6.2
6.4,6.5
6.3,6.4
6.2,5.9
6.5,5.6
6.4,6.7
5.9,7.0
5.6,6.8
6.7,6.4
7.0,6.8
6.8,6.9
6.4,6.4
6.8,6.3
6.9,7.1
6.4,6.8
6.3,6.7
7.1,6.9
6.8,5.6
6.7,4.9
6.9,5.2
5.6,5.3
4.9,4.7
5.2,4.3
5.3,4.2
4.7,4.2
4.3,4.1
4.2,4.0
4.2,4.2
4.1,3.9
4.0,4.0
4.2,3.9
3.9,3.9
4.0,4.0
3.9,3.5
3.9,3.2
4.0,3.2
3.5,3.2
3.2,3.2
3.2,3.2
3.2,3.3
3.2,3.1
3.2,3.3
3.3,3.0
3.1,3.0
3.3,3.0
3.0,3.0
3.0,3.0
3.0,2.9
3.0,2.8
3.0,2.8
2.9,3.1
2.8,3.1
2.8,3.0
3.1,2.8
3.1,2.5
3.0,2.5
2.8,2.5
2.5,2.5
2.5,2.4
2.5,2.3
2.5,2.3
2.4,2.3
2.3,2.2
2.3,2.2
2.3,2.0
2.2,2.3
2.2,2.6
2.0,2.3
2.3,2.2
2.6,3.0
2.3,3.0
2.2,3.1
3.0,2.8
3.0,3.0
3.1,3.0
2.8,3.0
3.0,3.0
3.0,3.0
3.0,3.1
3.0,3.2
3.0,3.3
3.1,3.2
3.2,3.3
3.3,3.3
3.2,3.6
3.3,3.2
3.3,3.0
3.6,2.8
3.2,2.8
3.0,2.5
2.8,3.2
2.8,3.2
2.5,2.6
3.2,2.3
3.2,2.3
2.6,2.4
2.3,2.6
2.3,3.6
2.4,3.8
2.6,4.0
3.6,4.1
3.8,4.2
4.0,3.9
4.1,4.1
4.2,4.1
3.9,4.0
4.1,4.3
4.1,4.7
4.0,4.9
4.3,5.0
4.7,5.0
4.9,5.0
5.0,5.0
5.0,5.1
5.0,4.8
5.0,4.8
5.1,4.9
4.8,4.9
4.8,5.3
4.9,5.5
4.9,5.6
5.3,5.4
5.5,5.6
5.6,6.1
5.4,5.5
5.6,5.2
6.1,4.8
5.5,4.8
5.2,4.8
4.8,5.6
4.8,5.8
4.8,6.1
5.6,5.9
5.8,4.8
6.1,5.0
5.9,6.5
4.8,7.2
5.0,6.9
6.5,7.6
7.2,8.2
6.9,8.5
7.6,8.6
8.2,8.2
8.5,8.2
8.6,8.8
8.2,9.0
8.2,9.1
8.8,8.6
9.0,8.2
9.1,9.7
8.6,10.9
8.2,10.9
9.7,10.9
10.9,11.3
10.9,11.4
10.9,11.6
11.3,10.8
11.4,10.9
11.6,11.0
10.8,11.1
10.9,10.8
11.0,10.1
11.1,9.5
10.8,9.5
10.1,10.0
9.5,10.0
9.5,7.8
10.0,7.9
10.0,6.6
7.8,9.8
7.9,10.8
6.6,9.3
9.8,12.1
10.8,13.1
9.3,13.4
12.1,13.5
13.1,13.5
13.4,13.5
13.5,13.9
13.5,13.9
13.5,14.1
13.9,14.0
13.9,13.7
14.1,13.7
14.0,13.6
13.7,13.7
13.7,13.9
13.6,13.5
13.7,13.2
13.9,13.7
13.5,13.8
13.2,14.0
13.7,13.9
13.8,14.0
14.0,14.2
13.9,14.9
14.0,14.4
14.2,14.3
14.9,14.8
14.4,14.8
14.3,12.9
14.8,13.9
14.8,15.4
12.9,15.4
13.9,15.4
15.4,16.1
15.4,16.9
15.4,17.0
16.1,16.8
16.9,16.5
17.0,17.5
16.8,17.5
16.5,17.5
17.5,17.5
17.5,17.5
17.5,17.5
17.5,17.5
17.5,16.9
17.5,15.7
17.5,17.0
16.9,19.5
15.7,19.3
17.0,19.8
19.5,18.5
19.3,14.6
19.8,24.0
18.5,28.9
14.6,29.6
24.0,23.9
28.9,18.5
29.6,16.7
23.9,18.9
18.5,14.3
16.7,10.6
18.9,9.6
14.3,8.7
10.6,8.8
9.6,8.4
8.7,8.3
8.8,8.5
8.4,8.8
8.3,8.4
8.5,7.4
8.8,7.2
8.4,6.7
7.4,6.1
7.2,5.6
6.7,6.8
6.1,6.9
5.6,7.2
6.8,8.0
6.9,7.0
7.2,7.2
8.0,8.2
7.0,6.3
7.2,5.5
8.2,5.8
6.3,3.8
5.5,3.9
5.8,3.6
3.8,3.5
3.9,3.3
3.6,3.4
3.5,3.4
3.3,3.2
3.4,3.0
3.4,3.5
3.2,2.9
3.0,2.2
3.5,1.9
2.9,1.8
2.2,1.6
1.9,1.6
1.8,1.7
1.6,1.4
1.6,1.2
1.7,1.1
1.4,1.2
1.2,1.2
1.1,1.1
1.2,1.0
1.2,1.0
1.1,1.0
1.0,0.9
1.0,0.9
1.0,0.8
0.9,0.7
0.9,0.7
0.8,0.8
0.7,0.8
0.7,0.7
0.8,0.7
0.8,0.7
0.7,0.8
0.7,0.8
0.7,0.8
0.8,0.8
0.8,0.8
0.8,0.8
0.8,0.8
0.8,0.8
0.8,0.9
0.8,0.9
0.8,0.9
0.9,0.8
0.9,0.8
0.9,0.8
0.8,0.7
0.8,0.8
0.8,0.8
0.7,0.8
0.8,0.9
0.8,0.9
0.8,0.9
0.9,0.9
0.9,0.9
0.9,0.9
0.9,0.9
0.9,0.9
0.9,0.9
0.9,0.9
0.9,0.9
0.9,0.9
0.9,0.9
0.9,0.9
0.9,0.9
0.9,0.9
0.9,0.9
0.9,0.9
0.9,1.0
0.9,0.9
0.9,1.0
1.0,0.9
0.9,0.9
1.0,0.8
0.9,0.9
0.9,0.9
0.8,0.9
0.9,1.0
0.9,1.0
0.9,1.0
1.0,1.1
1.0,1.0
1.0,1.1
1.1,1.1
1.0,1.0
1.1,1.1
1.1,0.9
1.0,0.9
1.1,0.9
0.9,0.9
0.9,0.8
0.9,0.7
0.9,0.7
0.8,0.7
0.7,0.5
0.7,0.5
0.7,0.4
0.5,0.4
0.5,0.4
0.4,0.4
0.4,0.4
0.4,0.4
0.4,0.4
0.4,0.4
0.4,0.4
0.4,0.4
0.4,0.3
0.4,0.3
0.4,0.3
0.3,0.4
0.3,0.4
0.3,0.4
0.4,0.3
0.4,0.3
0.4,0.3
0.3,0.3
0.3,0.3
0.3,0.3
0.3,0.3
0.3,0.3
0.3,0.3
0.3,0.3
0.3,0.3
0.3,0.3
0.3,0.3
0.3,0.3
0.3,0.3
0.3,0.3
0.3,0.3
0.3,0.3
0.3,0.3
0.3,0.2
0.3,0.2
0.3,0.3
0.2,0.3
0.2,0.2
0.3,0.3
0.3,0.2
0.2,0.2
0.3,0.2
0.2,0.3
0.2,0.2
0.2,0.2
0.3,0.2
0.2,0.2
0.2,0.2
0.2,0.2
0.2,0.2
0.2,0.2
0.2,0.2
0.2,0.2
0.2,0.2
0.2,0.2
0.2,0.3
0.2,0.3
0.2,0.2
0.3,0.2
0.3,0.2
0.2,0.3
0.2,0.3
0.2,0.3
0.3,0.3
0.3,0.3
0.3,0.3
0.3,0.3
0.3,0.3
0.3,0.3
0.3,0.3
0.3,0.3
0.3,
0.3,
0.3,
